task,fragment,kind,adme_col,es,delta_median,cohens_d,logOR,n_present,n_absent,p,q
human,C:NO,continuous,#Heavy atoms,-0.0318647424379984,-9.0,-0.7384591787912749,,14,2729,0.006099636294681745,0.01179798072787127
human,C:NO,continuous,Ali Log S,-0.0318647424379984,1.3550000000000004,1.0424585797185737,,14,2729,2.9302384323045768e-05,0.00010505976818262752
human,C:NO,continuous,Ali Solubility (mg/ml),-0.0318647424379984,0.03516,-0.019744044136013227,,14,2729,3.284905169834845e-05,0.00011497168094421958
human,C:NO,continuous,Ali Solubility (mol/l),-0.0318647424379984,0.00012954999999999998,-0.019705384584124772,,14,2729,2.9216814040519684e-05,0.00010505976818262752
human,C:NO,continuous,Consensus Log P,-0.0318647424379984,-0.3500000000000001,-0.46213291442623733,,14,2729,0.04785022271082391,0.07327065352594912
human,C:NO,continuous,ESOL Log S,-0.0318647424379984,0.7800000000000002,0.7994864156976113,,14,2729,0.0014099454587099944,0.003443941920738912
human,C:NO,continuous,ESOL Solubility (mg/ml),-0.0318647424379984,0.020319999999999998,-0.028055556616722186,,14,2729,0.0021324533489293614,0.004897978785822127
human,C:NO,continuous,ESOL Solubility (mol/l),-0.0318647424379984,7.135e-05,-0.026622992814732106,,14,2729,0.0014291187562249909,0.003443941920738912
human,C:NO,continuous,MLOGP,-0.0318647424379984,1.0349999999999997,0.5333793257126264,,14,2729,0.02198462967830449,0.03757837863617163
human,C:NO,continuous,MR,-0.0318647424379984,-34.08500000000001,-0.9494309090456761,,14,2729,0.0003064946109567242,0.0008664366886661242
human,C:NO,continuous,MW,-0.0318647424379984,-111.75499999999994,-0.7452263728534951,,14,2729,0.0062442264621744405,0.011920795973242113
human,C:NO,continuous,Silicos-IT Log P,-0.0318647424379984,-1.4450000000000003,-0.7182318360919775,,14,2729,0.0034861231347418317,0.007320858582957847
human,C:NO,continuous,Silicos-IT LogSw,-0.0318647424379984,1.6600000000000001,0.9435113739019789,,14,2729,0.0003693939636707689,0.0010055724566593153
human,C:NO,continuous,Silicos-IT Solubility (mg/ml),-0.0318647424379984,0.0013207000000000002,-0.028363021815055782,,14,2729,0.0004405656127110974,0.0011775117285187512
human,C:NO,continuous,Silicos-IT Solubility (mol/l),-0.0318647424379984,3.5479e-06,-0.028189375529671042,,14,2729,0.0003682147532671614,0.0010055724566593153
human,C:NO,continuous,Synthetic Accessibility,-0.0318647424379984,-0.71,-0.49815761670394015,,14,2729,0.04452093659268526,0.06889029135920771
human,C:NO,continuous,TPSA,-0.0318647424379984,-39.474999999999994,-0.5633043675657949,,14,2729,0.029120320236343197,0.047040517304862084
human,C:NO,continuous,WLOGP,-0.0318647424379984,-0.43999999999999995,-0.31988619711561767,,14,2729,0.16509226802817345,0.21288213508896048
human,C:NO,continuous,XLOGP3,-0.0318647424379984,-0.9699999999999998,-0.775267013290354,,14,2729,0.0016224791651289253,0.003846845762483097
human,C:NO,continuous,iLOGP,-0.0318647424379984,-0.43999999999999995,-0.5498693019684994,,14,2729,0.00557279612782928,0.011221931928642521
human,C:NO,continuous,log Kp (cm/s),-0.0318647424379984,-0.10000000000000053,-0.3549687153379379,,14,2729,0.26479809267281973,0.3139138679266492
human,NO,continuous,#Heavy atoms,-0.02957688621950869,-3.0,-0.4534829283566625,,152,2591,2.6753223068712457e-08,1.3561116521037003e-07
human,NO,continuous,Ali Log S,-0.02957688621950869,0.75,0.2948654032783893,,152,2591,4.0997332292298e-05,0.00013841724766100493
human,NO,continuous,Ali Solubility (mg/ml),-0.02957688621950869,0.011139999999999999,-0.02107135448914485,,152,2591,8.22288790091549e-05,0.0002518259419655369
human,NO,continuous,Ali Solubility (mol/l),-0.02957688621950869,2.6589999999999998e-05,-0.020934553227569753,,152,2591,4.1431012905334804e-05,0.00013841724766100493
human,NO,continuous,Consensus Log P,-0.02957688621950869,-0.8699999999999997,-0.819749455982302,,152,2591,9.145852547595031e-21,1.1203669370803913e-19
human,NO,continuous,ESOL Log S,-0.02957688621950869,0.7250000000000005,0.6104570397962406,,152,2591,1.2545172478407278e-12,7.938430126857327e-12
human,NO,continuous,ESOL Solubility (mg/ml),-0.02957688621950869,0.020509999999999997,-0.023224713537415117,,152,2591,1.9711921015586028e-12,1.1590609557164585e-11
human,NO,continuous,ESOL Solubility (mol/l),-0.02957688621950869,5.705e-05,-0.025982705293786303,,152,2591,1.2960702247930329e-12,7.938430126857327e-12
human,NO,continuous,MLOGP,-0.02957688621950869,-0.6099999999999999,-0.4950725208352647,,152,2591,1.022445106520401e-07,4.84836873091932e-07
human,NO,continuous,MR,-0.02957688621950869,-16.419999999999987,-0.5726402013974223,,152,2591,5.212190913009923e-13,3.648533639106947e-12
human,NO,continuous,MW,-0.02957688621950869,-31.57499999999999,-0.39523081004212823,,152,2591,4.548378799186012e-06,1.807058604000929e-05
human,NO,continuous,Silicos-IT Log P,-0.02957688621950869,-1.8599999999999999,-1.15395964568436,,152,2591,1.6326100880342353e-36,2.3999368294103257e-34
human,NO,continuous,Silicos-IT LogSw,-0.02957688621950869,1.5,0.7825929730191095,,152,2591,4.401192269586924e-19,3.653489428282392e-18
human,NO,continuous,Silicos-IT Solubility (mg/ml),-0.02957688621950869,0.0008035000000000001,-0.024645635048463767,,152,2591,3.122192505674791e-19,2.8685143645887142e-18
human,NO,continuous,Silicos-IT Solubility (mol/l),-0.02957688621950869,1.84e-06,-0.026040245821422066,,152,2591,4.473660524427419e-19,3.653489428282392e-18
human,NO,continuous,Synthetic Accessibility,-0.02957688621950869,-0.23499999999999988,-0.45702273973061025,,152,2591,9.241422400223151e-08,4.528296976109344e-07
human,NO,continuous,TPSA,-0.02957688621950869,23.74000000000001,0.4673588848491797,,152,2591,7.843646928919447e-09,4.11791463768271e-08
human,NO,continuous,WLOGP,-0.02957688621950869,-0.8200000000000003,-0.5326744820019008,,152,2591,1.9635110820340903e-10,1.110138957919274e-09
human,NO,continuous,XLOGP3,-0.02957688621950869,-0.8850000000000002,-0.5308356752652508,,152,2591,8.671063029844851e-10,4.720912094026641e-09
human,NO,continuous,iLOGP,-0.02957688621950869,-0.7450000000000001,-0.8409404477868814,,152,2591,1.950210717259506e-26,4.77801625728579e-25
human,NO,continuous,log Kp (cm/s),-0.02957688621950869,-0.28000000000000025,-0.31400077846348357,,152,2591,0.0007849543230136404,0.0020243558856667568
human,ClC:CCl,continuous,#Heavy atoms,-0.0285556399159961,-5.0,-0.6595295837990306,,56,2687,1.012211135033942e-06,4.376324613234984e-06
human,ClC:CCl,continuous,Ali Log S,-0.0285556399159961,0.0699999999999994,-0.08630633316755991,,56,2687,0.41811713478576473,0.4527317176825195
human,ClC:CCl,continuous,Ali Solubility (mg/ml),-0.0285556399159961,-3.4999999999999875e-05,-0.020419441249028124,,56,2687,0.27344784452728865,0.32157466516409144
human,ClC:CCl,continuous,Ali Solubility (mol/l),-0.0285556399159961,1.0799999999999998e-06,-0.02025126222803185,,56,2687,0.41885383404641263,0.4527317176825195
human,ClC:CCl,continuous,Consensus Log P,-0.0285556399159961,0.7250000000000001,0.3429209673024634,,56,2687,0.0030011059991002552,0.006487685027466728
human,ClC:CCl,continuous,ESOL Log S,-0.0285556399159961,-0.2400000000000002,-0.21191252956743276,,56,2687,0.0713358477685414,0.10592292547450088
human,ClC:CCl,continuous,ESOL Solubility (mg/ml),-0.0285556399159961,-0.00339,-0.03339585157913734,,56,2687,0.02847059476745914,0.04683041457478046
human,ClC:CCl,continuous,ESOL Solubility (mol/l),-0.0285556399159961,-6.19e-06,-0.030471476354229258,,56,2687,0.07109642962025967,0.10592292547450088
human,ClC:CCl,continuous,MLOGP,-0.0285556399159961,0.915,0.6646333907588399,,56,2687,3.3997524757713015e-06,1.3882322609399481e-05
human,ClC:CCl,continuous,MR,-0.0285556399159961,-17.025000000000006,-0.524399803401815,,56,2687,5.0443367494381895e-05,0.00016119945699291606
human,ClC:CCl,continuous,MW,-0.0285556399159961,-40.559999999999945,-0.3445936284686203,,56,2687,0.00585349115560361,0.011472842664983076
human,ClC:CCl,continuous,Silicos-IT Log P,-0.0285556399159961,0.9100000000000006,0.31445543619744165,,56,2687,0.0028610951184214056,0.006277328095640994
human,ClC:CCl,continuous,Silicos-IT LogSw,-0.0285556399159961,-0.05999999999999961,0.08997881792399055,,56,2687,0.3761793094759911,0.41918396938701397
human,ClC:CCl,continuous,Silicos-IT Solubility (mg/ml),-0.0285556399159961,-1.14e-05,-0.030133293443567105,,56,2687,0.45663667885002324,0.48641733181850305
human,ClC:CCl,continuous,Silicos-IT Solubility (mol/l),-0.0285556399159961,-8.599999999999998e-09,-0.029955350230511452,,56,2687,0.3764100949597676,0.41918396938701397
human,ClC:CCl,continuous,Synthetic Accessibility,-0.0285556399159961,-0.5800000000000001,-0.6009097142346493,,56,2687,5.021153484108549e-07,2.2366956429210808e-06
human,ClC:CCl,continuous,TPSA,-0.0285556399159961,-23.265,-0.6379078135876755,,56,2687,4.791186323704914e-05,0.0001565120865743605
human,ClC:CCl,continuous,WLOGP,-0.0285556399159961,0.5,0.17242276463270556,,56,2687,0.14478665767549262,0.19526274016786618
human,ClC:CCl,continuous,XLOGP3,-0.0285556399159961,0.8499999999999996,0.3993029317931189,,56,2687,0.0008482889528876337,0.0021499737254221064
human,ClC:CCl,continuous,iLOGP,-0.0285556399159961,-0.06999999999999984,-0.1424463763645899,,56,2687,0.28193294655786927,0.3289217709841808
human,ClC:CCl,continuous,log Kp (cm/s),-0.0285556399159961,0.8049999999999997,0.6383360718444983,,56,2687,9.57319219751706e-06,3.703313823776336e-05
human,C:C=N,continuous,#Heavy atoms,-0.0273886173963546,4.0,0.24346582718172355,,19,2724,0.10271010373259622,0.1450747315262206
human,C:C=N,continuous,Ali Log S,-0.0273886173963546,-1.0499999999999998,-0.14527475116695393,,19,2724,0.19055290414943082,0.23849116926437633
human,C:C=N,continuous,Ali Solubility (mg/ml),-0.0273886173963546,-0.0024000000000000002,-0.011040362707805958,,19,2724,0.1972361268357513,0.24364462726769281
human,C:C=N,continuous,Ali Solubility (mol/l),-0.0273886173963546,-5.582e-06,-0.013715677281909056,,19,2724,0.19144189097412523,0.23849116926437633
human,C:C=N,continuous,Consensus Log P,-0.0273886173963546,1.65,0.7626837530231797,,19,2724,0.0009353496351023586,0.002330447395932995
human,C:C=N,continuous,ESOL Log S,-0.0273886173963546,-1.4500000000000002,-0.505261488384876,,19,2724,0.009922866737594445,0.018233267630329793
human,C:C=N,continuous,ESOL Solubility (mg/ml),-0.0273886173963546,-0.005762,0.06699146009050176,,19,2724,0.008605768773395271,0.016218564226783395
human,C:C=N,continuous,ESOL Solubility (mol/l),-0.0273886173963546,-1.3935999999999998e-05,0.039469895188693746,,19,2724,0.0098939640139166,0.018233267630329793
human,C:C=N,continuous,MLOGP,-0.0273886173963546,1.7700000000000005,1.066325928928983,,19,2724,3.0834960593471327e-06,1.2950683449257957e-05
human,C:C=N,continuous,MR,-0.0273886173963546,19.625000000000014,0.24519647887291807,,19,2724,0.10362480823301472,0.1450747315262206
human,C:C=N,continuous,MW,-0.0273886173963546,24.569999999999993,0.0663303350885411,,19,2724,0.46856505625075706,0.49553282927238335
human,C:C=N,continuous,Silicos-IT Log P,-0.0273886173963546,1.6399999999999997,0.6850209274076405,,19,2724,0.002188662233347434,0.004949743820031889
human,C:C=N,continuous,Silicos-IT LogSw,-0.0273886173963546,-2.42,-0.9217273278937868,,19,2724,0.0001505193690387764,0.0004343699914881038
human,C:C=N,continuous,Silicos-IT Solubility (mg/ml),-0.0273886173963546,-3.1293999999999995e-05,-0.029497742470738407,,19,2724,0.0001191324758820141,0.0003573974276460423
human,C:C=N,continuous,Silicos-IT Solubility (mol/l),-0.0273886173963546,-7.0179e-08,-0.0293610608088209,,19,2724,0.0001506997929652605,0.0004343699914881038
human,C:C=N,continuous,Synthetic Accessibility,-0.0273886173963546,0.16999999999999993,-0.07949516368732806,,19,2724,0.7107021738505468,0.7357268982819041
human,C:C=N,continuous,TPSA,-0.0273886173963546,-21.230000000000004,-0.5334882679734217,,19,2724,0.018308284055911776,0.03203949709784561
human,C:C=N,continuous,WLOGP,-0.0273886173963546,1.8399999999999999,0.6265310842093835,,19,2724,0.005766698754114718,0.011455469146687346
human,C:C=N,continuous,XLOGP3,-0.0273886173963546,1.5500000000000003,0.40790565270276674,,19,2724,0.027918157368101573,0.04663601287626058
human,C:C=N,continuous,iLOGP,-0.0273886173963546,0.8900000000000001,0.5877229840571195,,19,2724,0.0019600014601969416,0.00457333674045953
human,C:C=N,continuous,log Kp (cm/s),-0.0273886173963546,0.8300000000000001,0.3893501306370333,,19,2724,0.05957566428020175,0.09028476957927482
human,NNC=O,continuous,#Heavy atoms,-0.0245139665073818,-2.0,-0.0710135467391516,,22,2721,0.3082635316311053,0.3568089696832479
human,NNC=O,continuous,Ali Log S,-0.0245139665073818,0.4850000000000003,0.2257135836492665,,22,2721,0.2235148126806401,0.27166925377487844
human,NNC=O,continuous,Ali Solubility (mg/ml),-0.0245139665073818,0.004875,-0.020125289316169036,,22,2721,0.2368466203697145,0.28306059507600023
human,NNC=O,continuous,Ali Solubility (mol/l),-0.0245139665073818,1.2359999999999999e-05,-0.019977980879546747,,22,2721,0.2236189095697979,0.27166925377487844
human,NNC=O,continuous,Consensus Log P,-0.0245139665073818,-0.685,-0.5024036265224582,,22,2721,0.028671682392722726,0.04683041457478046
human,NNC=O,continuous,ESOL Log S,-0.0245139665073818,0.7149999999999999,0.35978425724060203,,22,2721,0.07315444693993042,0.10647231386306706
human,NNC=O,continuous,ESOL Solubility (mg/ml),-0.0245139665073818,0.022949999999999998,-0.005116078429278322,,22,2721,0.07581423128052696,0.10926168625723003
human,NNC=O,continuous,ESOL Solubility (mol/l),-0.0245139665073818,6.039999999999999e-05,-0.021043017898240132,,22,2721,0.07248679207598206,0.10647231386306706
human,NNC=O,continuous,MLOGP,-0.0245139665073818,-0.03500000000000014,-0.2462789637051337,,22,2721,0.4309213268167479,0.4623754382632258
human,NNC=O,continuous,MR,-0.0245139665073818,-10.49499999999999,-0.027117098467040874,,22,2721,0.482974559053191,0.5071232870058505
human,NNC=O,continuous,MW,-0.0245139665073818,-37.55000000000001,-0.06896710271342893,,22,2721,0.31643353068916247,0.363404132900835
human,NNC=O,continuous,Silicos-IT Log P,-0.0245139665073818,-0.685,-0.4420183223396726,,22,2721,0.0341095387410096,0.05450111081443926
human,NNC=O,continuous,Silicos-IT LogSw,-0.0245139665073818,1.1349999999999998,0.4592016435743656,,22,2721,0.016298201813743095,0.02921750812951506
human,NNC=O,continuous,Silicos-IT Solubility (mg/ml),-0.0245139665073818,0.00030199999999999997,-0.022537439561111167,,22,2721,0.01568262923651712,0.028461067873679212
human,NNC=O,continuous,Silicos-IT Solubility (mol/l),-0.0245139665073818,8.535e-07,-0.026969331816571664,,22,2721,0.01653472848046277,0.029284398634072614
human,NNC=O,continuous,Synthetic Accessibility,-0.0245139665073818,0.23499999999999988,0.18780983526239647,,22,2721,0.4007263959840074,0.4396028373854409
human,NNC=O,continuous,TPSA,-0.0245139665073818,6.400000000000006,0.23940026821957336,,22,2721,0.8234413006354637,0.8329663429401665
human,NNC=O,continuous,WLOGP,-0.0245139665073818,-0.6200000000000001,-0.6893199976296726,,22,2721,0.0030949237420068287,0.006593533189492809
human,NNC=O,continuous,XLOGP3,-0.0245139665073818,-0.5499999999999998,-0.34680988794821754,,22,2721,0.1785557027852238,0.2282407679080687
human,NNC=O,continuous,iLOGP,-0.0245139665073818,-0.16500000000000004,-0.3251276425593796,,22,2721,0.1302956241357453,0.17900426867247254
human,NNC=O,continuous,log Kp (cm/s),-0.0245139665073818,-0.16000000000000014,-0.32534042252938494,,22,2721,0.35945263125034466,0.40960881235504387
human,CNSN,continuous,#Heavy atoms,-0.0237280022766855,-5.0,0.04260565227607907,,13,2730,0.8170228826714314,0.8329663429401665
human,CNSN,continuous,Ali Log S,-0.0237280022766855,1.5999999999999996,0.4074374885578043,,13,2730,0.15758064530858096,0.20868939310539106
human,CNSN,continuous,Ali Solubility (mg/ml),-0.0237280022766855,0.086685,-0.019986423171491713,,13,2730,0.12550376759120854,0.17404767769724203
human,CNSN,continuous,Ali Solubility (mol/l),-0.0237280022766855,0.00023197500000000001,-0.019855090657576926,,13,2730,0.1575817866306014,0.20868939310539106
human,CNSN,continuous,Consensus Log P,-0.0237280022766855,-1.1099999999999999,-0.6853287446482066,,13,2730,0.018624072111668784,0.03220868941665072
human,CNSN,continuous,ESOL Log S,-0.0237280022766855,1.3699999999999997,0.4273129336024566,,13,2730,0.16075094758990305,0.21007600813055427
human,CNSN,continuous,ESOL Solubility (mg/ml),-0.0237280022766855,0.11703,-0.0253195803359848,,13,2730,0.13244760819685036,0.1802759111568241
human,CNSN,continuous,ESOL Solubility (mol/l),-0.0237280022766855,0.000314,-0.024363676726600888,,13,2730,0.16148699944729683,0.21007600813055427
human,CNSN,continuous,MLOGP,-0.0237280022766855,-0.10000000000000009,-0.23009091527143752,,13,2730,0.3820793103982868,0.4222981851770538
human,CNSN,continuous,MR,-0.0237280022766855,-9.760000000000005,0.15999022462174506,,13,2730,0.8272999052330905,0.8329663429401665
human,CNSN,continuous,MW,-0.0237280022766855,-13.139999999999986,0.22593867802344533,,13,2730,0.6962802666958601,0.7259092142148328
human,CNSN,continuous,Silicos-IT Log P,-0.0237280022766855,-2.4000000000000004,-1.2488944859386066,,13,2730,9.990163780498113e-06,3.7655232711108275e-05
human,CNSN,continuous,Silicos-IT LogSw,-0.0237280022766855,2.04,0.7998956306678647,,13,2730,0.004596139259627935,0.00938378432174037
human,CNSN,continuous,Silicos-IT Solubility (mg/ml),-0.0237280022766855,0.0028299500000000003,-0.028812298249104525,,13,2730,0.00253133791113648,0.005637979892985797
human,CNSN,continuous,Silicos-IT Solubility (mol/l),-0.0237280022766855,7.392e-06,-0.02882938551801958,,13,2730,0.004545975022785559,0.00938378432174037
human,CNSN,continuous,Synthetic Accessibility,-0.0237280022766855,0.25,0.47547342069775483,,13,2730,0.2321871961953691,0.27976653967802667
human,CNSN,continuous,TPSA,-0.0237280022766855,20.840000000000003,0.5067153787176674,,13,2730,0.040861375729720206,0.06458733583084807
human,CNSN,continuous,WLOGP,-0.0237280022766855,-1.13,-0.43778899910920405,,13,2730,0.07935204440855335,0.11325000512677032
human,CNSN,continuous,XLOGP3,-0.0237280022766855,-1.7349999999999999,-0.6467793540163242,,13,2730,0.02551984515066551,0.043119738358021034
human,CNSN,continuous,iLOGP,-0.0237280022766855,0.16999999999999993,-0.1984232041463373,,13,2730,0.9833361691693873,0.9833361691693874
human,CNSN,continuous,log Kp (cm/s),-0.0237280022766855,-0.8700000000000001,-0.8238221445293411,,13,2730,0.0006219198968477433,0.001632539729225326
human,CCl,continuous,#Heavy atoms,-0.022975825774598505,0.0,0.022380553339207073,,604,2139,0.7707579321749718,0.7923175946134325
human,CCl,continuous,Ali Log S,-0.022975825774598505,-0.8100000000000005,-0.397117510435981,,604,2139,1.3299380542969651e-20,1.3964349570118135e-19
human,CCl,continuous,Ali Solubility (mg/ml),-0.022975825774598505,-0.0032580000000000005,-0.025641004502218706,,604,2139,5.918540988538671e-21,7.909322957410768e-20
human,CCl,continuous,Ali Solubility (mol/l),-0.022975825774598505,-8.360000000000001e-06,-0.02543282280230525,,604,2139,1.3154094600877996e-20,1.3964349570118135e-19
human,CCl,continuous,Consensus Log P,-0.022975825774598505,0.5450000000000004,0.4094500535603251,,604,2139,2.2453026210164967e-20,2.2003965685961666e-19
human,CCl,continuous,ESOL Log S,-0.022975825774598505,-0.665,-0.47796679683634263,,604,2139,5.975790977566709e-27,1.7568825474046124e-25
human,CCl,continuous,ESOL Solubility (mg/ml),-0.022975825774598505,-0.006495,-0.04014832181605436,,604,2139,9.936574960492372e-28,7.303382595961894e-26
human,CCl,continuous,ESOL Solubility (mol/l),-0.022975825774598505,-1.6115e-05,-0.03678820546608237,,604,2139,5.901617223744003e-27,1.7568825474046124e-25
human,CCl,continuous,MLOGP,-0.022975825774598505,0.6099999999999999,0.5088377781518679,,604,2139,1.771366634492798e-27,8.679696509014711e-26
human,CCl,continuous,MR,-0.022975825774598505,0.1150000000000091,0.07405717949990476,,604,2139,0.36682737067092475,0.414797103758661
human,CCl,continuous,MW,-0.022975825774598505,13.904999999999973,0.20322320702956254,,604,2139,5.5406986475588964e-05,0.00017329419174279953
human,CCl,continuous,Silicos-IT Log P,-0.022975825774598505,0.5050000000000003,0.33213468257248796,,604,2139,1.1520738270652987e-12,7.697947844481768e-12
human,CCl,continuous,Silicos-IT LogSw,-0.022975825774598505,-0.8700000000000001,-0.4558355229449078,,604,2139,5.496000859728362e-22,8.079121263800692e-21
human,CCl,continuous,Silicos-IT Solubility (mg/ml),-0.022975825774598505,-4.2445000000000004e-05,-0.03709375673798133,,604,2139,2.0845568121349898e-22,3.830373142298044e-21
human,CCl,continuous,Silicos-IT Solubility (mol/l),-0.022975825774598505,-9.585e-08,-0.03680074984378187,,604,2139,5.393558630164922e-22,8.079121263800692e-21
human,CCl,continuous,Synthetic Accessibility,-0.022975825774598505,-0.22999999999999998,-0.2094211341017729,,604,2139,3.4423514245895064e-07,1.5813301856708045e-06
human,CCl,continuous,TPSA,-0.022975825774598505,-0.1700000000000017,-0.08552412911531504,,604,2139,0.1845750338006441,0.23390112041978176
human,CCl,continuous,WLOGP,-0.022975825774598505,0.5899999999999999,0.31380865455872403,,604,2139,1.4685731350546477e-14,1.1362118465949118e-13
human,CCl,continuous,XLOGP3,-0.022975825774598505,0.75,0.44499903826504433,,604,2139,2.4824818108708158e-23,5.213211802828713e-22
human,CCl,continuous,iLOGP,-0.022975825774598505,0.04999999999999982,0.11655715748555921,,604,2139,0.041499518828183334,0.06489818369939308
human,CCl,continuous,log Kp (cm/s),-0.022975825774598505,0.3799999999999999,0.3394922212390834,,604,2139,1.2606954007573627e-13,9.266111195566615e-13
human,[2H]C:N:C,binary,#H-bond donors,-0.0370533582237031,,,0.5559114563716702,2,1432,1.0,1.0
human,[2H]C:N:C,binary,BBB permeant,-0.0370533582237031,,,0.9475412656289656,4,2739,0.3125121463568806,0.5752435968339041
human,[2H]C:N:C,binary,Brenk #alerts,-0.0370533582237031,,,-0.6482251642924121,4,2490,1.0,1.0
human,[2H]C:N:C,binary,CYP1A2 inhibitor,-0.0370533582237031,,,0.5641350022550152,4,2739,0.6243280334307083,0.8487596794352112
human,[2H]C:N:C,binary,CYP2C19 inhibitor,-0.0370533582237031,,,1.8424549444730238,4,2739,0.14829627111666085,0.39045094167424627
human,[2H]C:N:C,binary,CYP2C9 inhibitor,-0.0370533582237031,,,-0.35175788160548893,4,2739,1.0,1.0
human,[2H]C:N:C,binary,CYP2D6 inhibitor,-0.0370533582237031,,,-0.3082573945276481,4,2739,1.0,1.0
human,[2H]C:N:C,binary,CYP3A4 inhibitor,-0.0370533582237031,,,-0.8136333660409962,4,2739,0.5912013214004028,0.8090123345479197
human,[2H]C:N:C,binary,Egan #violations,-0.0370533582237031,,,-0.6090194782140806,2,2690,1.0,1.0
human,[2H]C:N:C,binary,GI absorption,-0.0370533582237031,,,-0.9804111053995286,4,2739,0.30111084951391087,0.5692679767299406
human,[2H]C:N:C,binary,Ghose #violations,-0.0370533582237031,,,-0.3442153636092221,2,1837,1.0,1.0
human,[2H]C:N:C,binary,Leadlikeness #violations,-0.0370533582237031,,,-2.739000447143311,2,1041,0.06006591792831471,0.21145353336413042
human,[2H]C:N:C,binary,Lipinski #violations,-0.0370533582237031,,,-0.5625429048658579,2,2468,1.0,1.0
human,[2H]C:N:C,binary,Muegge #violations,-0.0370533582237031,,,-0.44959306423623024,2,2498,1.0,1.0
human,[2H]C:N:C,binary,PAINS #alerts,-0.0370533582237031,,,1.0771667715286324,4,2728,1.0,1.0
human,[2H]C:N:C,binary,Pgp substrate,-0.0370533582237031,,,-0.4306207908619392,4,2739,0.6492145519774628,0.8656194026366171
human,[2H]C:N:C,binary,Veber #violations,-0.0370533582237031,,,0.2686352570188171,2,2627,1.0,1.0
human,[2H]C:N:C,binary,human,-0.0370533582237031,,,0.8566134925110563,3,1325,0.5734763945729623,0.8005576514844037
human,[2H]C:N:C,binary,rat,-0.0370533582237031,,,-1.1900165928321365,2,1165,0.5212688557986127,0.7375777007218465
human,C:NO,binary,#H-bond donors,-0.0318647424379984,,,0.044513607402171744,13,1421,1.0,1.0
human,C:NO,binary,#Rotatable bonds,-0.0318647424379984,,,-0.22067136216882077,1,63,1.0,1.0
human,C:NO,binary,BBB permeant,-0.0318647424379984,,,1.22164626119391,14,2729,0.030384521003653735,0.13446766742042504
human,C:NO,binary,Brenk #alerts,-0.0318647424379984,,,4.12973487480371,6,2488,2.774275919108645e-05,0.0006411659901939979
human,C:NO,binary,CYP1A2 inhibitor,-0.0318647424379984,,,0.8361636324540813,14,2729,0.16022112311470832,0.40763509075347093
human,C:NO,binary,CYP2C19 inhibitor,-0.0318647424379984,,,-0.908692263865951,14,2729,0.10185307744145557,0.2983864803918698
human,C:NO,binary,CYP2C9 inhibitor,-0.0318647424379984,,,-0.6228487867978041,14,2729,0.27935671611020085,0.543048569634783
human,C:NO,binary,CYP2D6 inhibitor,-0.0318647424379984,,,-1.9263496232008195,14,2729,0.001537261674293329,0.01390219253273967
human,C:NO,binary,CYP3A4 inhibitor,-0.0318647424379984,,,-2.435025993472975,14,2729,3.166018761847521e-05,0.0006585319024642845
human,C:NO,binary,Egan #violations,-0.0318647424379984,,,-2.3729951818624437,14,2678,0.028282153548955063,0.13446766742042504
human,C:NO,binary,GI absorption,-0.0318647424379984,,,0.6340582641899388,14,2729,0.37513252840534084,0.60486485200241
human,C:NO,binary,Ghose #violations,-0.0318647424379984,,,-0.7754822610330806,12,1827,0.4818313555289631,0.7210138269785923
human,C:NO,binary,Leadlikeness #violations,-0.0318647424379984,,,-0.8223368221118534,12,1031,0.18049040438821792,0.43567215331539755
human,C:NO,binary,Lipinski #violations,-0.0318647424379984,,,-2.093536135557797,11,2459,0.07689649855625104,0.2499136203078159
human,C:NO,binary,Muegge #violations,-0.0318647424379984,,,-2.2137784481934575,14,2486,0.02929317830407441,0.13446766742042504
human,C:NO,binary,PAINS #alerts,-0.0318647424379984,,,-0.09671473530274657,14,2718,1.0,1.0
human,C:NO,binary,Pgp substrate,-0.0318647424379984,,,-0.7020465910157943,14,2729,0.1822282564348057,0.43567215331539755
human,C:NO,binary,Veber #violations,-0.0318647424379984,,,-1.494500878197761,14,2615,0.23890208461311904,0.49863751297809644
human,C:NO,binary,human,-0.0318647424379984,,,-1.606334327891947,3,1325,0.27117229278833493,0.5321116688676761
human,C:NO,binary,mouse,-0.0318647424379984,,,0.051094843686898976,8,1306,1.0,1.0
human,C:NO,binary,rat,-0.0318647424379984,,,-0.36897585028257,7,1160,0.7098940637401887,0.894896759139147
human,NO,binary,#H-bond donors,-0.02957688621950869,,,-0.62717290899627,57,1377,0.03011408902253314,0.13446766742042504
human,NO,binary,#Rotatable bonds,-0.02957688621950869,,,0.3101549283038396,2,62,1.0,1.0
human,NO,binary,BBB permeant,-0.02957688621950869,,,-0.55608455361077,152,2591,0.006814870275396234,0.048879069561462644
human,NO,binary,Brenk #alerts,-0.02957688621950869,,,2.4552868633010014,11,2483,8.300102809306356e-05,0.0014386844869464352
human,NO,binary,CYP1A2 inhibitor,-0.02957688621950869,,,-0.12211841137705337,152,2591,0.4889444950624914,0.7213535996964974
human,NO,binary,CYP2C19 inhibitor,-0.02957688621950869,,,-0.155993688147208,152,2591,0.39651951529761076,0.6295882380297942
human,NO,binary,CYP2C9 inhibitor,-0.02957688621950869,,,-0.2612408546782679,152,2591,0.127256145488919,0.3576929494823669
human,NO,binary,CYP2D6 inhibitor,-0.02957688621950869,,,-1.2683519835701633,152,2591,3.035983734197559e-13,6.314846167130922e-11
human,NO,binary,CYP3A4 inhibitor,-0.02957688621950869,,,-0.86592277641515,152,2591,4.459686372625751e-07,1.3251639507230804e-05
human,NO,binary,Egan #violations,-0.02957688621950869,,,0.12631605826699305,151,2541,0.5093031574985191,0.7356601163867498
human,NO,binary,Fraction Csp3,-0.02957688621950869,,,-0.3754842758962287,11,41,1.0,1.0
human,NO,binary,GI absorption,-0.02957688621950869,,,-0.19144087970611723,152,2591,0.30379204527415093,0.5692679767299406
human,NO,binary,Ghose #violations,-0.02957688621950869,,,-0.5190449274110019,131,1708,0.03685348435256809,0.14722483165226768
human,NO,binary,Leadlikeness #violations,-0.02957688621950869,,,-0.21691630363182407,78,965,0.4153704049389233,0.649601836295459
human,NO,binary,Lipinski #violations,-0.02957688621950869,,,-0.5657813179053569,143,2327,0.010307574645309828,0.07146585087414814
human,NO,binary,Muegge #violations,-0.02957688621950869,,,-0.6501317115464081,141,2359,0.004350417150841308,0.033514324717592296
human,NO,binary,PAINS #alerts,-0.02957688621950869,,,1.7254008845091522,151,2581,7.192748170510798e-09,3.740229048665615e-07
human,NO,binary,Pgp substrate,-0.02957688621950869,,,-0.5393942366116284,152,2591,0.0015037912175783928,0.01390219253273967
human,NO,binary,Veber #violations,-0.02957688621950869,,,0.32989391470435814,141,2488,0.19997034308421202,0.44248756767570324
human,NO,binary,human,-0.02957688621950869,,,0.3966670530370263,53,1275,0.15775184028106431,0.40763509075347093
human,NO,binary,mouse,-0.02957688621950869,,,0.452421234094038,94,1220,0.036261661806893504,0.14722483165226768
human,NO,binary,rat,-0.02957688621950869,,,0.1669110496384978,60,1107,0.5884029702665455,0.8090123345479197
human,ClC:CCl,binary,#H-bond acceptors,-0.0285556399159961,,,0.4895482253187058,15,29,1.0,1.0
human,ClC:CCl,binary,#H-bond donors,-0.0285556399159961,,,-0.5465979378551861,38,1396,0.13207597152244577,0.3662906943555829
human,ClC:CCl,binary,#Rotatable bonds,-0.0285556399159961,,,0.6670360365562595,3,61,1.0,1.0
human,ClC:CCl,binary,BBB permeant,-0.0285556399159961,,,0.6788244159105817,56,2687,0.015687825957418848,0.10526025158526195
human,ClC:CCl,binary,Brenk #alerts,-0.0285556399159961,,,-0.5948387215856495,51,2443,0.19073905735518387,0.4408191547764249
human,ClC:CCl,binary,CYP1A2 inhibitor,-0.0285556399159961,,,1.0128009666281523,56,2687,0.00020440478756648446,0.0028344130542552514
human,ClC:CCl,binary,CYP2C19 inhibitor,-0.0285556399159961,,,0.22432180881868563,56,2687,0.49305464700532853,0.7213535996964974
human,ClC:CCl,binary,CYP2C9 inhibitor,-0.0285556399159961,,,-0.14279149751856687,56,2687,0.6811880426385052,0.8855444554300567
human,ClC:CCl,binary,CYP2D6 inhibitor,-0.0285556399159961,,,0.2747587356402721,56,2687,0.3408453193528128,0.5772714514219645
human,ClC:CCl,binary,CYP3A4 inhibitor,-0.0285556399159961,,,-0.9031934488648908,56,2687,0.0010738035281596674,0.01116755669286054
human,ClC:CCl,binary,Egan #violations,-0.0285556399159961,,,-0.8147660799590657,52,2640,0.02674128251062853,0.13446766742042504
human,ClC:CCl,binary,GI absorption,-0.0285556399159961,,,0.6424617683970505,56,2687,0.06787887207059498,0.22772266759167348
human,ClC:CCl,binary,Ghose #violations,-0.0285556399159961,,,-0.7457595941040208,45,1794,0.09869452777476011,0.29751393879927684
human,ClC:CCl,binary,Leadlikeness #violations,-0.0285556399159961,,,1.2648646647733823,28,1015,0.026424179468435074,0.13446766742042504
human,ClC:CCl,binary,Lipinski #violations,-0.0285556399159961,,,0.8505314929542684,54,2416,0.0027261370504302867,0.02362652110372915
human,ClC:CCl,binary,Muegge #violations,-0.0285556399159961,,,1.1053250954205398,48,2452,0.0002354821323520055,0.0030612677205760714
human,ClC:CCl,binary,PAINS #alerts,-0.0285556399159961,,,-1.4729702469857726,56,2676,0.26682138316679815,0.5321116688676761
human,ClC:CCl,binary,Pgp substrate,-0.0285556399159961,,,-0.367453972449047,56,2687,0.21324377130664612,0.4620281711643999
human,ClC:CCl,binary,Veber #violations,-0.0285556399159961,,,-1.1631928398571738,53,2576,0.03892964298497463,0.14722483165226768
human,ClC:CCl,binary,human,-0.0285556399159961,,,0.11361687352209976,25,1303,0.8392137853347309,1.0
human,ClC:CCl,binary,mouse,-0.0285556399159961,,,0.6745055570489631,39,1275,0.04326604105936198,0.16070243822048735
human,ClC:CCl,binary,rat,-0.0285556399159961,,,-0.16887414354063843,20,1147,0.8188595614499258,1.0
human,C:C=N,binary,#H-bond donors,-0.0273886173963546,,,-0.294799540220645,10,1424,0.7241423403484286,0.9073590770630913
human,C:C=N,binary,BBB permeant,-0.0273886173963546,,,-0.6088646160478975,19,2724,0.30980131079229223,0.5752435968339041
human,C:C=N,binary,Brenk #alerts,-0.0273886173963546,,,0.5862404720931107,19,2475,0.35706056710382134,0.5802234215437096
human,C:C=N,binary,CYP1A2 inhibitor,-0.0273886173963546,,,-0.40913595691690463,19,2724,0.47553742860928405,0.7167520663096455
human,C:C=N,binary,CYP2C19 inhibitor,-0.0273886173963546,,,-0.055240793300013025,19,2724,1.0,1.0
human,C:C=N,binary,CYP2C9 inhibitor,-0.0273886173963546,,,-1.0899246758517223,19,2724,0.019251443674334144,0.12134243285640915
human,C:C=N,binary,CYP2D6 inhibitor,-0.0273886173963546,,,-0.8245667548316494,19,2724,0.10032239336800229,0.29810082600777826
human,C:C=N,binary,CYP3A4 inhibitor,-0.0273886173963546,,,-2.7775296114660915,19,2724,1.5157154821344773e-07,5.254480338066188e-06
human,C:C=N,binary,Egan #violations,-0.0273886173963546,,,1.1108558433724778,19,2673,0.017289078385784105,0.11237900950759669
human,C:C=N,binary,GI absorption,-0.0273886173963546,,,-0.008991207749804248,19,2724,1.0,1.0
human,C:C=N,binary,Ghose #violations,-0.0273886173963546,,,1.4769350547939917,9,1830,0.028637948787455948,0.13446766742042504
human,C:C=N,binary,Leadlikeness #violations,-0.0273886173963546,,,-1.7226958738823803,6,1037,0.03481714733182399,0.14722483165226768
human,C:C=N,binary,Lipinski #violations,-0.0273886173963546,,,0.6161131271933119,13,2457,0.3412685560846674,0.5772714514219645
human,C:C=N,binary,Muegge #violations,-0.0273886173963546,,,1.4775800499641152,19,2481,0.001447806972857297,0.01390219253273967
human,C:C=N,binary,PAINS #alerts,-0.0273886173963546,,,-0.3948911366660083,19,2713,1.0,1.0
human,C:C=N,binary,Pgp substrate,-0.0273886173963546,,,-0.5339181760651983,19,2724,0.24725289854097932,0.509194088084393
human,C:C=N,binary,Veber #violations,-0.0273886173963546,,,-1.7929742007561438,19,2610,0.16205865031827887,0.40763509075347093
human,C:C=N,binary,human,-0.0273886173963546,,,-0.7626610889220423,13,1315,0.25881225789743934,0.5226499965307513
human,C:C=N,binary,mouse,-0.0273886173963546,,,0.676244050734701,11,1303,0.34869373866618836,0.5772714514219645
human,C:C=N,binary,rat,-0.0273886173963546,,,-0.5374585066172621,8,1159,0.4899137348314564,0.7213535996964974
human,NNC=O,binary,#H-bond donors,-0.0245139665073818,,,-0.4388455635158051,9,1425,0.7024808590323639,0.8909513334069005
human,NNC=O,binary,BBB permeant,-0.0245139665073818,,,0.22155165056732357,22,2721,0.640696257729547,0.8597730426306179
human,NNC=O,binary,Brenk #alerts,-0.0245139665073818,,,1.1343090594759748,18,2476,0.025915371200044994,0.13446766742042504
human,NNC=O,binary,CYP1A2 inhibitor,-0.0245139665073818,,,-0.8567466201924567,22,2721,0.1166209383291079,0.3322897968829376
human,NNC=O,binary,CYP2C19 inhibitor,-0.0245139665073818,,,0.1784334804806031,22,2721,0.8284104076026285,1.0
human,NNC=O,binary,CYP2C9 inhibitor,-0.0245139665073818,,,0.18449613412220814,22,2721,0.6716530670385579,0.8792299006472
human,NNC=O,binary,CYP2D6 inhibitor,-0.0245139665073818,,,-0.31032859971796134,22,2721,0.5191308052447168,0.7375777007218465
human,NNC=O,binary,CYP3A4 inhibitor,-0.0245139665073818,,,-0.6435510528168852,22,2721,0.1626620794833562,0.40763509075347093
human,NNC=O,binary,Egan #violations,-0.0245139665073818,,,-1.1101383240614808,22,2670,0.08695640117864122,0.2764786056115765
human,NNC=O,binary,GI absorption,-0.0245139665073818,,,1.1327979788083449,22,2721,0.05619370756213921,0.20152226160215442
human,NNC=O,binary,Ghose #violations,-0.0245139665073818,,,-1.1400117845953481,17,1822,0.1428528378623748,0.38588818539446695
human,NNC=O,binary,Leadlikeness #violations,-0.0245139665073818,,,-0.9304119782367425,9,1034,0.23480641200238314,0.49863751297809644
human,NNC=O,binary,Lipinski #violations,-0.0245139665073818,,,-0.9041343833453808,19,2451,0.18662610418780498,0.436159883944533
human,NNC=O,binary,Muegge #violations,-0.0245139665073818,,,-1.4124024295584796,20,2480,0.060996211547345316,0.21145353336413042
human,NNC=O,binary,PAINS #alerts,-0.0245139665073818,,,1.749834521988585,19,2713,0.02933783410256728,0.13446766742042504
human,NNC=O,binary,Pgp substrate,-0.0245139665073818,,,-0.9722618681891454,22,2721,0.026819912068388976,0.13446766742042504
human,NNC=O,binary,Veber #violations,-0.0245139665073818,,,-1.8434267079869884,20,2609,0.09714443489615376,0.2971476832117645
human,NNC=O,binary,human,-0.0245139665073818,,,-1.277917471180038,14,1314,0.053208478145998134,0.19416427112925636
human,NNC=O,binary,mouse,-0.0245139665073818,,,-1.2679175738088808,16,1298,0.038771085318387605,0.14722483165226768
human,NNC=O,binary,rat,-0.0245139665073818,,,-0.6819899656664548,9,1158,0.49593059979134196,0.7213535996964974
human,C:C(=O):NO,binary,#H-bond donors,-0.0239139534533023,,,1.5151947116227584,6,1428,0.34816946091320866,0.5772714514219645
human,C:C(=O):NO,binary,#Rotatable bonds,-0.0239139534533023,,,-0.22067136216882077,1,63,1.0,1.0
human,C:C(=O):NO,binary,BBB permeant,-0.0239139534533023,,,3.5187420678630605,6,2737,0.0004712811876113615,0.005766263942539011
human,C:C(=O):NO,binary,Brenk #alerts,-0.0239139534533023,,,4.12973487480371,6,2488,2.774275919108645e-05,0.0006411659901939979
human,C:C(=O):NO,binary,CYP1A2 inhibitor,-0.0239139534533023,,,1.8670145920996206,6,2737,0.02615964994702162,0.13446766742042504
human,C:C(=O):NO,binary,CYP2C19 inhibitor,-0.0239139534533023,,,-1.6603502242229071,6,2737,0.08772878831905792,0.2764786056115765
human,C:C(=O):NO,binary,CYP2C9 inhibitor,-0.0239139534533023,,,-0.9413136756731421,6,2737,0.23821159043634463,0.49863751297809644
human,C:C(=O):NO,binary,CYP2D6 inhibitor,-0.0239139534533023,,,-2.8779249185357463,6,2737,0.00573645193260718,0.04261364292793905
human,C:C(=O):NO,binary,CYP3A4 inhibitor,-0.0239139534533023,,,-3.3844003821916187,6,2737,0.0008322285204512108,0.00961686290299177
human,C:C(=O):NO,binary,Egan #violations,-0.0239139534533023,,,-1.566566029515011,6,2686,0.3524686265893725,0.5772714514219645
human,C:C(=O):NO,binary,GI absorption,-0.0239139534533023,,,1.5892198103564437,6,2737,0.19817623169577264,0.44248756767570324
human,C:C(=O):NO,binary,Ghose #violations,-0.0239139534533023,,,-1.3025210821977167,6,1833,0.3494193129281118,0.5772714514219645
human,C:C(=O):NO,binary,Leadlikeness #violations,-0.0239139534533023,,,-1.7226958738823803,6,1037,0.03481714733182399,0.14722483165226768
human,C:C(=O):NO,binary,Lipinski #violations,-0.0239139534533023,,,-1.5202455312684928,6,2464,0.3490363633017165,0.5772714514219645
human,C:C(=O):NO,binary,Muegge #violations,-0.0239139534533023,,,-1.4072092193276504,6,2494,0.34605262073986376,0.5772714514219645
human,C:C(=O):NO,binary,PAINS #alerts,-0.0239139534533023,,,0.7086811011250223,6,2726,1.0,1.0
human,C:C(=O):NO,binary,Pgp substrate,-0.0239139534533023,,,-3.0004861812837613,6,2737,0.0037148330194023225,0.02971866415521858
human,C:C(=O):NO,binary,Veber #violations,-0.0239139534533023,,,-0.6886325002054184,6,2623,1.0,1.0
human,C:C(=O):NO,binary,human,-0.0239139534533023,,,-1.268571768511064,2,1326,0.51411486185889,0.7374889052872353
human,C:C(=O):NO,binary,mouse,-0.0239139534533023,,,-0.8002557071509279,6,1308,0.4187323902189004,0.6499726654144126
human,C:C(=O):NO,binary,rat,-0.0239139534533023,,,1.5230370060180716,1,1166,0.3958868894601542,0.6295882380297942
human,CNSN,binary,#H-bond donors,-0.0237280022766855,,,1.1455822480676239,4,1430,0.5778341190070085,0.8012633116897185
human,CNSN,binary,BBB permeant,-0.0237280022766855,,,-2.356491471447617,13,2730,0.025429236713012046,0.13446766742042504
human,CNSN,binary,Brenk #alerts,-0.0237280022766855,,,-1.6737779042154,12,2482,0.14246541453164263,0.38588818539446695
human,CNSN,binary,CYP1A2 inhibitor,-0.0237280022766855,,,-2.740031154206739,13,2730,0.0032962604355225578,0.02742488682354768
human,CNSN,binary,CYP2C19 inhibitor,-0.0237280022766855,,,-2.487575221204384,13,2730,0.00018478122910739096,0.0027453211181669513
human,CNSN,binary,CYP2C9 inhibitor,-0.0237280022766855,,,-0.20908510411570297,13,2730,0.7815434410218789,0.9734193756440168
human,CNSN,binary,CYP2D6 inhibitor,-0.0237280022766855,,,-0.746857921448411,13,2730,0.1719901438810735,0.420869999144274
human,CNSN,binary,CYP3A4 inhibitor,-0.0237280022766855,,,-1.2545256581787865,13,2730,0.029252168787926885,0.13446766742042504
human,CNSN,binary,Egan #violations,-0.0237280022766855,,,-0.09811308646800045,13,2679,1.0,1.0
human,CNSN,binary,GI absorption,-0.0237280022766855,,,0.5501723688055059,13,2730,0.5337293415118595,0.750106101584235
human,CNSN,binary,Ghose #violations,-0.0237280022766855,,,-1.5721851390245973,8,1831,0.21256475253971502,0.4620281711643999
human,CNSN,binary,Leadlikeness #violations,-0.0237280022766855,,,0.34834432857565484,7,1036,1.0,1.0
human,CNSN,binary,Lipinski #violations,-0.0237280022766855,,,0.16099074597512175,11,2459,1.0,1.0
human,CNSN,binary,Muegge #violations,-0.0237280022766855,,,-0.5762370830545076,9,2491,0.6953931089673034,0.8873728016269885
human,CNSN,binary,PAINS #alerts,-0.0237280022766855,,,-0.024874091926655195,13,2719,1.0,1.0
human,CNSN,binary,Pgp substrate,-0.0237280022766855,,,0.6718941827714794,13,2730,0.26872498193045713,0.5321116688676761
human,CNSN,binary,Veber #violations,-0.0237280022766855,,,0.3538162284129986,13,2616,0.6866233426316044,0.8870661817849299
human,CNSN,binary,human,-0.0237280022766855,,,0.9359321858280566,6,1322,0.23972957354716173,0.49863751297809644
human,CNSN,binary,mouse,-0.0237280022766855,,,2.7084570359328826,4,1310,0.019986997210739533,0.1222733947009948
human,CNSN,binary,rat,-0.0237280022766855,,,-0.6798734430685011,5,1162,0.6537163590263326,0.8660700807482623
human,CCl,binary,#H-bond acceptors,-0.022975825774598505,,,1.32687094064909,24,20,0.4545454545454545,0.690112806901128
human,CCl,binary,#H-bond donors,-0.022975825774598505,,,0.20159356038051712,307,1127,0.18583801211992104,0.436159883944533
human,CCl,binary,#Rotatable bonds,-0.022975825774598505,,,0.622051258876215,10,54,0.6721036259755038,0.8792299006472
human,CCl,binary,BBB permeant,-0.022975825774598505,,,-0.10414731084071664,604,2139,0.32946964434821757,0.5772714514219645
human,CCl,binary,Brenk #alerts,-0.022975825774598505,,,-0.03649415866293101,540,1954,0.7980706638339967,0.9880874885563768
human,CCl,binary,CYP1A2 inhibitor,-0.022975825774598505,,,0.3673948772425147,604,2139,0.00010277705798383156,0.001644432927741305
human,CCl,binary,CYP2C19 inhibitor,-0.022975825774598505,,,0.6881813223067913,604,2139,1.7441813915155939e-12,1.8139486471762175e-10
human,CCl,binary,CYP2C9 inhibitor,-0.022975825774598505,,,0.3159323851230299,604,2139,0.0008905080078412738,0.00974871924373605
human,CCl,binary,CYP2D6 inhibitor,-0.022975825774598505,,,0.10318366176746213,604,2139,0.28359765670183656,0.5461880795739075
human,CCl,binary,CYP3A4 inhibitor,-0.022975825774598505,,,-0.08372031117348999,604,2139,0.42432730747087993,0.6529715846518845
human,CCl,binary,Egan #violations,-0.022975825774598505,,,0.19181556852508191,593,2099,0.06633805345967059,0.2262018872067456
human,CCl,binary,Fraction Csp3,-0.022975825774598505,,,-0.9600933545325478,17,35,1.0,1.0
human,CCl,binary,GI absorption,-0.022975825774598505,,,-0.1489094668947826,604,2139,0.1478887240289068,0.39045094167424627
human,CCl,binary,Ghose #violations,-0.022975825774598505,,,-0.24491459627063936,369,1470,0.09190116941721699,0.2853051229668826
human,CCl,binary,Leadlikeness #violations,-0.022975825774598505,,,-0.2732429612606227,166,877,0.1684505268213255,0.41711559022423456
human,CCl,binary,Lipinski #violations,-0.022975825774598505,,,0.4478087254258076,513,1957,4.464408710447931e-05,0.0008441791016119724
human,CCl,binary,Muegge #violations,-0.022975825774598505,,,0.6797630697502942,542,1958,4.1599803628944925e-10,2.8842530516068483e-08
human,CCl,binary,PAINS #alerts,-0.022975825774598505,,,-0.09192100325725669,600,2132,0.8045728211219565,0.9902434721501003
human,CCl,binary,Pgp substrate,-0.022975825774598505,,,-0.5138182345047447,604,2139,4.158300052783445e-08,1.7298528219579134e-06
human,CCl,binary,Veber #violations,-0.022975825774598505,,,-0.313071758616185,577,2052,0.036766744221548825,0.14722483165226768
human,CCl,binary,human,-0.022975825774598505,,,-0.0729662087693322,277,1051,0.6314778320306598,0.8529051237816704
human,CCl,binary,mouse,-0.022975825774598505,,,-0.22457260679528993,306,1008,0.10607552715387798,0.30644041177786974
human,CCl,binary,rat,-0.022975825774598505,,,0.14241184180478647,258,909,0.3485039941523732,0.5772714514219645
human,CNNS,binary,#H-bond donors,-0.0210322510037157,,,0.5559114563716702,2,1432,1.0,1.0
human,CNNS,binary,BBB permeant,-0.0210322510037157,,,-1.6220452402878305,6,2737,0.19471304250508767,0.44248756767570324
human,CNNS,binary,Brenk #alerts,-0.0210322510037157,,,0.25152315297379485,6,2488,1.0,1.0
human,CNNS,binary,CYP1A2 inhibitor,-0.0210322510037157,,,-0.737873216308582,6,2737,0.426942959195463,0.6529715846518845
human,CNNS,binary,CYP2C19 inhibitor,-0.0210322510037157,,,-0.3580499413831934,6,2737,0.6951301733499997,0.8873728016269885
human,CNNS,binary,CYP2C9 inhibitor,-0.0210322510037157,,,0.9502753279578813,6,2737,0.41072871464789373,0.6472088836875901
human,CNNS,binary,CYP2D6 inhibitor,-0.0210322510037157,,,-0.8977689412718279,6,2737,0.24971334098572534,0.5092193620101066
human,CNNS,binary,CYP3A4 inhibitor,-0.0210322510037157,,,-1.4037995680563804,6,2737,0.07621659161936127,0.2499136203078159
human,CNNS,binary,Egan #violations,-0.0210322510037157,,,-1.566566029515011,6,2686,0.3524686265893725,0.5772714514219645
human,CNNS,binary,GI absorption,-0.0210322510037157,,,1.5892198103564437,6,2737,0.19817623169577264,0.44248756767570324
human,CNNS,binary,Ghose #violations,-0.0210322510037157,,,-1.3025210821977167,6,1833,0.3494193129281118,0.5772714514219645
human,CNNS,binary,Leadlikeness #violations,-0.0210322510037157,,,0.8279922414930503,3,1040,1.0,1.0
human,CNNS,binary,Lipinski #violations,-0.0210322510037157,,,-1.5202455312684928,6,2464,0.3490363633017165,0.5772714514219645
human,CNNS,binary,Muegge #violations,-0.0210322510037157,,,-1.4072092193276504,6,2494,0.34605262073986376,0.5772714514219645
human,CNNS,binary,PAINS #alerts,-0.0210322510037157,,,0.7086811011250223,6,2726,1.0,1.0
human,CNNS,binary,Pgp substrate,-0.0210322510037157,,,-1.7332887551204923,6,2737,0.03814263494271083,0.14722483165226768
human,CNNS,binary,Veber #violations,-0.0210322510037157,,,-0.6886325002054184,6,2623,1.0,1.0
human,CNNS,binary,human,-0.0210322510037157,,,-0.24586976873267424,6,1322,1.0,1.0
human,CNNS,binary,mouse,-0.0210322510037157,,,-1.4464505904148364,3,1311,0.2950630679506307,0.5630561296672586
human,CNNS,binary,rat,-0.0210322510037157,,,-0.42713451312220974,4,1163,1.0,1.0
